paper_ref,variant,substrate,pj_bit,hcp,tcp_in,tile_i,tile_j,tile_class,pic_w,pic_max_C,pic_min_C,pic_spread_C,die_max_C,bc_source
thermal,design_map_1p15_tin40,glass,1.15,70000,40,0,0,corner,59.14,105.174,46.484,58.690,105.092,wrapper:run_panel_extra.sh
thermal,design_map_1p15_tin40,glass,1.15,70000,40,0,1,edge,37.34,104.596,46.200,58.396,104.567,wrapper:run_panel_extra.sh
thermal,design_map_1p15_tin40,glass,1.15,70000,40,0,2,edge,37.34,104.596,46.200,58.396,104.567,wrapper:run_panel_extra.sh
thermal,design_map_1p15_tin40,glass,1.15,70000,40,0,3,corner,59.14,105.174,45.562,59.612,105.091,wrapper:run_panel_extra.sh
thermal,design_map_1p15_tin40,glass,1.15,70000,40,1,0,edge,37.34,109.591,48.912,60.679,109.562,wrapper:run_panel_extra.sh
thermal,design_map_1p15_tin40,glass,1.15,70000,40,1,1,interior,15.54,109.013,48.733,60.280,109.038,wrapper:run_panel_extra.sh
thermal,design_map_1p15_tin40,glass,1.15,70000,40,1,2,interior,15.54,109.013,48.733,60.280,109.038,wrapper:run_panel_extra.sh
thermal,design_map_1p15_tin40,glass,1.15,70000,40,1,3,edge,37.34,109.591,48.292,61.299,109.562,wrapper:run_panel_extra.sh
thermal,design_map_1p15_tin40,glass,1.15,70000,40,2,0,edge,37.34,114.586,53.854,60.732,114.558,wrapper:run_panel_extra.sh
thermal,design_map_1p15_tin40,glass,1.15,70000,40,2,1,interior,15.54,114.008,53.675,60.333,114.033,wrapper:run_panel_extra.sh
thermal,design_map_1p15_tin40,glass,1.15,70000,40,2,2,interior,15.54,114.008,53.675,60.333,114.033,wrapper:run_panel_extra.sh
thermal,design_map_1p15_tin40,glass,1.15,70000,40,2,3,edge,37.34,114.585,53.245,61.341,114.558,wrapper:run_panel_extra.sh
thermal,design_map_1p15_tin40,glass,1.15,70000,40,3,0,corner,59.14,120.159,59.028,61.130,120.078,wrapper:run_panel_extra.sh
thermal,design_map_1p15_tin40,glass,1.15,70000,40,3,1,edge,37.34,119.580,58.849,60.731,119.553,wrapper:run_panel_extra.sh
thermal,design_map_1p15_tin40,glass,1.15,70000,40,3,2,edge,37.34,119.580,58.849,60.731,119.553,wrapper:run_panel_extra.sh
thermal,design_map_1p15_tin40,glass,1.15,70000,40,3,3,corner,59.14,120.158,58.392,61.766,120.077,wrapper:run_panel_extra.sh
thermal,design_map_1p15_h100k,glass,1.15,100000,55,0,0,corner,59.14,105.560,59.716,45.844,105.456,wrapper:run_panel_extra.sh
thermal,design_map_1p15_h100k,glass,1.15,100000,55,0,1,edge,37.34,105.098,59.489,45.609,105.048,wrapper:run_panel_extra.sh
thermal,design_map_1p15_h100k,glass,1.15,100000,55,0,2,edge,37.34,105.098,59.489,45.609,105.048,wrapper:run_panel_extra.sh
thermal,design_map_1p15_h100k,glass,1.15,100000,55,0,3,corner,59.14,105.560,59.108,46.452,105.456,wrapper:run_panel_extra.sh
thermal,design_map_1p15_h100k,glass,1.15,100000,55,1,0,edge,37.34,110.094,62.681,47.413,110.044,wrapper:run_panel_extra.sh
thermal,design_map_1p15_h100k,glass,1.15,100000,55,1,1,interior,15.54,109.632,62.545,47.087,109.636,wrapper:run_panel_extra.sh
thermal,design_map_1p15_h100k,glass,1.15,100000,55,1,2,interior,15.54,109.632,62.545,47.087,109.636,wrapper:run_panel_extra.sh
thermal,design_map_1p15_h100k,glass,1.15,100000,55,1,3,edge,37.34,110.094,62.284,47.810,110.044,wrapper:run_panel_extra.sh
thermal,design_map_1p15_h100k,glass,1.15,100000,55,2,0,edge,37.34,115.090,67.645,47.445,115.041,wrapper:run_panel_extra.sh
thermal,design_map_1p15_h100k,glass,1.15,100000,55,2,1,interior,15.54,114.628,67.508,47.120,114.633,wrapper:run_panel_extra.sh
thermal,design_map_1p15_h100k,glass,1.15,100000,55,2,2,interior,15.54,114.628,67.508,47.120,114.633,wrapper:run_panel_extra.sh
thermal,design_map_1p15_h100k,glass,1.15,100000,55,2,3,edge,37.34,115.090,67.254,47.836,115.041,wrapper:run_panel_extra.sh
thermal,design_map_1p15_h100k,glass,1.15,100000,55,3,0,corner,59.14,120.548,72.778,47.770,120.445,wrapper:run_panel_extra.sh
thermal,design_map_1p15_h100k,glass,1.15,100000,55,3,1,edge,37.34,120.086,72.641,47.445,120.037,wrapper:run_panel_extra.sh
thermal,design_map_1p15_h100k,glass,1.15,100000,55,3,2,edge,37.34,120.086,72.641,47.445,120.037,wrapper:run_panel_extra.sh
thermal,design_map_1p15_h100k,glass,1.15,100000,55,3,3,corner,59.14,120.547,72.369,48.179,120.445,wrapper:run_panel_extra.sh
thermal,design_map_1p15_plane,glass,1.15,70000,55,0,0,corner,59.14,120.159,61.470,58.690,120.078,wrapper:run_panel_extra.sh
thermal,design_map_1p15_plane,glass,1.15,70000,55,0,1,edge,37.34,119.581,61.185,58.396,119.553,wrapper:run_panel_extra.sh
thermal,design_map_1p15_plane,glass,1.15,70000,55,0,2,edge,37.34,119.581,61.185,58.396,119.553,wrapper:run_panel_extra.sh
thermal,design_map_1p15_plane,glass,1.15,70000,55,0,3,corner,59.14,120.159,60.547,59.612,120.078,wrapper:run_panel_extra.sh
thermal,design_map_1p15_plane,glass,1.15,70000,55,1,0,edge,37.34,124.576,63.897,60.678,124.549,wrapper:run_panel_extra.sh
thermal,design_map_1p15_plane,glass,1.15,70000,55,1,1,interior,15.54,123.998,63.718,60.280,124.024,wrapper:run_panel_extra.sh
thermal,design_map_1p15_plane,glass,1.15,70000,55,1,2,interior,15.54,123.998,63.718,60.280,124.024,wrapper:run_panel_extra.sh
thermal,design_map_1p15_plane,glass,1.15,70000,55,1,3,edge,37.34,124.575,63.277,61.298,124.548,wrapper:run_panel_extra.sh
thermal,design_map_1p15_plane,glass,1.15,70000,55,2,0,edge,37.34,129.570,68.839,60.731,129.544,wrapper:run_panel_extra.sh
thermal,design_map_1p15_plane,glass,1.15,70000,55,2,1,interior,15.54,128.993,68.660,60.333,129.020,wrapper:run_panel_extra.sh
thermal,design_map_1p15_plane,glass,1.15,70000,55,2,2,interior,15.54,128.993,68.660,60.333,129.020,wrapper:run_panel_extra.sh
thermal,design_map_1p15_plane,glass,1.15,70000,55,2,3,edge,37.34,129.570,68.230,61.340,129.544,wrapper:run_panel_extra.sh
thermal,design_map_1p15_plane,glass,1.15,70000,55,3,0,corner,59.14,135.143,74.014,61.130,135.064,wrapper:run_panel_extra.sh
thermal,design_map_1p15_plane,glass,1.15,70000,55,3,1,edge,37.34,134.565,73.834,60.731,134.539,wrapper:run_panel_extra.sh
thermal,design_map_1p15_plane,glass,1.15,70000,55,3,2,edge,37.34,134.565,73.834,60.731,134.539,wrapper:run_panel_extra.sh
thermal,design_map_1p15_plane,glass,1.15,70000,55,3,3,corner,59.14,135.143,73.378,61.765,135.064,wrapper:run_panel_extra.sh
thermal,design_map_1p15_plane_si,si,1.15,70000,55,0,0,corner,59.14,114.004,62.171,51.833,114.383,wrapper:run_panel_extra.sh
thermal,design_map_1p15_plane_si,si,1.15,70000,55,0,1,edge,37.34,113.432,61.886,51.546,113.856,wrapper:run_panel_extra.sh
thermal,design_map_1p15_plane_si,si,1.15,70000,55,0,2,edge,37.34,113.432,61.886,51.546,113.856,wrapper:run_panel_extra.sh
thermal,design_map_1p15_plane_si,si,1.15,70000,55,0,3,corner,59.14,113.999,61.088,52.911,114.378,wrapper:run_panel_extra.sh
thermal,design_map_1p15_plane_si,si,1.15,70000,55,1,0,edge,37.34,118.426,64.710,53.716,118.851,wrapper:run_panel_extra.sh
thermal,design_map_1p15_plane_si,si,1.15,70000,55,1,1,interior,15.54,117.854,64.512,53.343,118.324,wrapper:run_panel_extra.sh
thermal,design_map_1p15_plane_si,si,1.15,70000,55,1,2,interior,15.54,117.854,64.512,53.343,118.324,wrapper:run_panel_extra.sh
thermal,design_map_1p15_plane_si,si,1.15,70000,55,1,3,edge,37.34,118.422,63.942,54.480,118.847,wrapper:run_panel_extra.sh
thermal,design_map_1p15_plane_si,si,1.15,70000,55,2,0,edge,37.34,123.421,69.619,53.802,123.846,wrapper:run_panel_extra.sh
thermal,design_map_1p15_plane_si,si,1.15,70000,55,2,1,interior,15.54,122.849,69.421,53.428,123.320,wrapper:run_panel_extra.sh
thermal,design_map_1p15_plane_si,si,1.15,70000,55,2,2,interior,15.54,122.849,69.421,53.428,123.320,wrapper:run_panel_extra.sh
thermal,design_map_1p15_plane_si,si,1.15,70000,55,2,3,edge,37.34,123.417,68.867,54.549,123.842,wrapper:run_panel_extra.sh
thermal,design_map_1p15_plane_si,si,1.15,70000,55,3,0,corner,59.14,128.983,74.812,54.171,129.364,wrapper:run_panel_extra.sh
thermal,design_map_1p15_plane_si,si,1.15,70000,55,3,1,edge,37.34,128.411,74.614,53.797,128.837,wrapper:run_panel_extra.sh
thermal,design_map_1p15_plane_si,si,1.15,70000,55,3,2,edge,37.34,128.411,74.614,53.797,128.837,wrapper:run_panel_extra.sh
thermal,design_map_1p15_plane_si,si,1.15,70000,55,3,3,corner,59.14,128.978,74.027,54.951,129.359,wrapper:run_panel_extra.sh
