paper_ref,variant,substrate,pj_bit,hcp,tile_i,tile_j,tile_class,pic_w,pic_max_C,pic_min_C,pic_spread_C,die_max_C,bc_source
thermal,die_only,glass,none,100000,0,0,corner,0.00,104.312,59.021,45.291,104.349,wrapper:run_panel_map.sh (gated against panhq db)
thermal,die_only,glass,none,100000,0,1,edge,0.00,104.312,59.021,45.291,104.349,wrapper:run_panel_map.sh (gated against panhq db)
thermal,die_only,glass,none,100000,0,2,edge,0.00,104.312,59.021,45.291,104.349,wrapper:run_panel_map.sh (gated against panhq db)
thermal,die_only,glass,none,100000,0,3,corner,0.00,104.312,58.463,45.848,104.349,wrapper:run_panel_map.sh (gated against panhq db)
thermal,die_only,glass,none,100000,1,0,edge,0.00,109.308,62.392,46.916,109.345,wrapper:run_panel_map.sh (gated against panhq db)
thermal,die_only,glass,none,100000,1,1,interior,0.00,109.308,62.392,46.916,109.345,wrapper:run_panel_map.sh (gated against panhq db)
thermal,die_only,glass,none,100000,1,2,interior,0.00,109.308,62.392,46.916,109.345,wrapper:run_panel_map.sh (gated against panhq db)
thermal,die_only,glass,none,100000,1,3,edge,0.00,109.308,62.010,47.298,109.345,wrapper:run_panel_map.sh (gated against panhq db)
thermal,die_only,glass,none,100000,2,0,edge,0.00,114.304,67.388,46.916,114.342,wrapper:run_panel_map.sh (gated against panhq db)
thermal,die_only,glass,none,100000,2,1,interior,0.00,114.304,67.388,46.916,114.342,wrapper:run_panel_map.sh (gated against panhq db)
thermal,die_only,glass,none,100000,2,2,interior,0.00,114.304,67.388,46.916,114.342,wrapper:run_panel_map.sh (gated against panhq db)
thermal,die_only,glass,none,100000,2,3,edge,0.00,114.304,67.006,47.298,114.342,wrapper:run_panel_map.sh (gated against panhq db)
thermal,die_only,glass,none,100000,3,0,corner,0.00,119.300,72.384,46.916,119.338,wrapper:run_panel_map.sh (gated against panhq db)
thermal,die_only,glass,none,100000,3,1,edge,0.00,119.300,72.384,46.916,119.338,wrapper:run_panel_map.sh (gated against panhq db)
thermal,die_only,glass,none,100000,3,2,edge,0.00,119.300,72.384,46.916,119.338,wrapper:run_panel_map.sh (gated against panhq db)
thermal,die_only,glass,none,100000,3,3,corner,0.00,119.300,72.002,47.298,119.338,wrapper:run_panel_map.sh (gated against panhq db)
thermal,design_map_1p15,glass,1.15,70000,0,0,corner,59.14,120.159,61.470,58.690,120.078,wrapper:run_panel_map.sh (gated against panhq db)
thermal,design_map_1p15,glass,1.15,70000,0,1,edge,37.34,119.581,61.185,58.396,119.553,wrapper:run_panel_map.sh (gated against panhq db)
thermal,design_map_1p15,glass,1.15,70000,0,2,edge,37.34,119.581,61.185,58.396,119.553,wrapper:run_panel_map.sh (gated against panhq db)
thermal,design_map_1p15,glass,1.15,70000,0,3,corner,59.14,120.159,60.547,59.612,120.078,wrapper:run_panel_map.sh (gated against panhq db)
thermal,design_map_1p15,glass,1.15,70000,1,0,edge,37.34,124.576,63.897,60.678,124.549,wrapper:run_panel_map.sh (gated against panhq db)
thermal,design_map_1p15,glass,1.15,70000,1,1,interior,15.54,123.998,63.718,60.280,124.024,wrapper:run_panel_map.sh (gated against panhq db)
thermal,design_map_1p15,glass,1.15,70000,1,2,interior,15.54,123.998,63.718,60.280,124.024,wrapper:run_panel_map.sh (gated against panhq db)
thermal,design_map_1p15,glass,1.15,70000,1,3,edge,37.34,124.575,63.277,61.298,124.548,wrapper:run_panel_map.sh (gated against panhq db)
thermal,design_map_1p15,glass,1.15,70000,2,0,edge,37.34,129.570,68.839,60.731,129.544,wrapper:run_panel_map.sh (gated against panhq db)
thermal,design_map_1p15,glass,1.15,70000,2,1,interior,15.54,128.993,68.660,60.333,129.020,wrapper:run_panel_map.sh (gated against panhq db)
thermal,design_map_1p15,glass,1.15,70000,2,2,interior,15.54,128.993,68.660,60.333,129.020,wrapper:run_panel_map.sh (gated against panhq db)
thermal,design_map_1p15,glass,1.15,70000,2,3,edge,37.34,129.570,68.230,61.340,129.544,wrapper:run_panel_map.sh (gated against panhq db)
thermal,design_map_1p15,glass,1.15,70000,3,0,corner,59.14,135.143,74.014,61.130,135.064,wrapper:run_panel_map.sh (gated against panhq db)
thermal,design_map_1p15,glass,1.15,70000,3,1,edge,37.34,134.565,73.834,60.731,134.539,wrapper:run_panel_map.sh (gated against panhq db)
thermal,design_map_1p15,glass,1.15,70000,3,2,edge,37.34,134.565,73.834,60.731,134.539,wrapper:run_panel_map.sh (gated against panhq db)
thermal,design_map_1p15,glass,1.15,70000,3,3,corner,59.14,135.143,73.378,61.765,135.064,wrapper:run_panel_map.sh (gated against panhq db)
thermal,design_map_2p62,glass,2.62,70000,0,0,corner,133.04,122.119,62.591,59.528,121.856,wrapper:run_panel_map.sh (gated against panhq db)
thermal,design_map_2p62,glass,2.62,70000,0,1,edge,83.34,120.801,61.941,58.859,120.660,wrapper:run_panel_map.sh (gated against panhq db)
thermal,design_map_2p62,glass,2.62,70000,0,2,edge,83.34,120.801,61.941,58.859,120.660,wrapper:run_panel_map.sh (gated against panhq db)
thermal,design_map_2p62,glass,2.62,70000,0,3,corner,133.04,122.119,61.583,60.535,121.855,wrapper:run_panel_map.sh (gated against panhq db)
thermal,design_map_2p62,glass,2.62,70000,1,0,edge,83.34,125.796,64.387,61.409,125.655,wrapper:run_panel_map.sh (gated against panhq db)
thermal,design_map_2p62,glass,2.62,70000,1,1,interior,33.54,124.475,63.978,60.497,124.457,wrapper:run_panel_map.sh (gated against panhq db)
thermal,design_map_2p62,glass,2.62,70000,1,2,interior,33.54,124.475,63.978,60.497,124.457,wrapper:run_panel_map.sh (gated against panhq db)
thermal,design_map_2p62,glass,2.62,70000,1,3,edge,83.34,125.795,63.743,62.052,125.655,wrapper:run_panel_map.sh (gated against panhq db)
thermal,design_map_2p62,glass,2.62,70000,2,0,edge,83.34,130.790,69.261,61.529,130.651,wrapper:run_panel_map.sh (gated against panhq db)
thermal,design_map_2p62,glass,2.62,70000,2,1,interior,33.54,129.469,68.852,60.618,129.453,wrapper:run_panel_map.sh (gated against panhq db)
thermal,design_map_2p62,glass,2.62,70000,2,2,interior,33.54,129.469,68.852,60.618,129.453,wrapper:run_panel_map.sh (gated against panhq db)
thermal,design_map_2p62,glass,2.62,70000,2,3,edge,83.34,130.790,68.642,62.148,130.650,wrapper:run_panel_map.sh (gated against panhq db)
thermal,design_map_2p62,glass,2.62,70000,3,0,corner,133.04,137.103,74.665,62.438,136.841,wrapper:run_panel_map.sh (gated against panhq db)
thermal,design_map_2p62,glass,2.62,70000,3,1,edge,83.34,135.785,74.256,61.529,135.646,wrapper:run_panel_map.sh (gated against panhq db)
thermal,design_map_2p62,glass,2.62,70000,3,2,edge,83.34,135.785,74.256,61.529,135.646,wrapper:run_panel_map.sh (gated against panhq db)
thermal,design_map_2p62,glass,2.62,70000,3,3,corner,133.04,137.103,73.985,63.118,136.841,wrapper:run_panel_map.sh (gated against panhq db)
thermal,hcp_50k,glass,1.15,50000,0,0,corner,59.14,138.239,63.897,74.343,138.188,wrapper:run_panel_map.sh (gated against panhq db)
thermal,hcp_50k,glass,1.15,50000,0,1,edge,37.34,137.505,63.534,73.971,137.508,wrapper:run_panel_map.sh (gated against panhq db)
thermal,hcp_50k,glass,1.15,50000,0,2,edge,37.34,137.505,63.534,73.971,137.508,wrapper:run_panel_map.sh (gated against panhq db)
thermal,hcp_50k,glass,1.15,50000,0,3,corner,59.14,138.238,62.551,75.686,138.186,wrapper:run_panel_map.sh (gated against panhq db)
thermal,hcp_50k,glass,1.15,50000,1,0,edge,37.34,142.498,65.652,76.846,142.502,wrapper:run_panel_map.sh (gated against panhq db)
thermal,hcp_50k,glass,1.15,50000,1,1,interior,15.54,141.767,65.414,76.354,141.821,wrapper:run_panel_map.sh (gated against panhq db)
thermal,hcp_50k,glass,1.15,50000,1,2,interior,15.54,141.767,65.414,76.354,141.821,wrapper:run_panel_map.sh (gated against panhq db)
thermal,hcp_50k,glass,1.15,50000,1,3,edge,37.34,142.497,64.723,77.774,142.500,wrapper:run_panel_map.sh (gated against panhq db)
thermal,hcp_50k,glass,1.15,50000,2,0,edge,37.34,147.492,70.561,76.931,147.496,wrapper:run_panel_map.sh (gated against panhq db)
thermal,hcp_50k,glass,1.15,50000,2,1,interior,15.54,146.761,70.323,76.438,146.815,wrapper:run_panel_map.sh (gated against panhq db)
thermal,hcp_50k,glass,1.15,50000,2,2,interior,15.54,146.761,70.323,76.438,146.815,wrapper:run_panel_map.sh (gated against panhq db)
thermal,hcp_50k,glass,1.15,50000,2,3,edge,37.34,147.490,69.649,77.841,147.494,wrapper:run_panel_map.sh (gated against panhq db)
thermal,hcp_50k,glass,1.15,50000,3,0,corner,59.14,153.218,75.793,77.425,153.169,wrapper:run_panel_map.sh (gated against panhq db)
thermal,hcp_50k,glass,1.15,50000,3,1,edge,37.34,152.484,75.555,76.929,152.488,wrapper:run_panel_map.sh (gated against panhq db)
thermal,hcp_50k,glass,1.15,50000,3,2,edge,37.34,152.484,75.555,76.929,152.488,wrapper:run_panel_map.sh (gated against panhq db)
thermal,hcp_50k,glass,1.15,50000,3,3,corner,59.14,153.216,74.843,78.373,153.167,wrapper:run_panel_map.sh (gated against panhq db)
thermal,hcp_30k,glass,1.15,30000,0,0,corner,59.14,175.550,69.869,105.680,175.560,wrapper:run_panel_map.sh (gated against panhq db)
thermal,hcp_30k,glass,1.15,30000,0,1,edge,37.34,174.447,69.326,105.121,174.511,wrapper:run_panel_map.sh (gated against panhq db)
thermal,hcp_30k,glass,1.15,30000,0,2,edge,37.34,174.447,69.326,105.121,174.511,wrapper:run_panel_map.sh (gated against panhq db)
thermal,hcp_30k,glass,1.15,30000,0,3,corner,59.14,175.535,67.562,107.974,175.546,wrapper:run_panel_map.sh (gated against panhq db)
thermal,hcp_30k,glass,1.15,30000,1,0,edge,37.34,179.437,70.187,109.249,179.501,wrapper:run_panel_map.sh (gated against panhq db)
thermal,hcp_30k,glass,1.15,30000,1,1,interior,15.54,178.343,69.806,108.537,178.453,wrapper:run_panel_map.sh (gated against panhq db)
thermal,hcp_30k,glass,1.15,30000,1,2,interior,15.54,178.343,69.806,108.537,178.453,wrapper:run_panel_map.sh (gated against panhq db)
thermal,hcp_30k,glass,1.15,30000,1,3,edge,37.34,179.423,68.529,110.894,179.488,wrapper:run_panel_map.sh (gated against panhq db)
thermal,hcp_30k,glass,1.15,30000,2,0,edge,37.34,184.427,75.008,109.419,184.492,wrapper:run_panel_map.sh (gated against panhq db)
thermal,hcp_30k,glass,1.15,30000,2,1,interior,15.54,183.334,74.627,108.707,183.444,wrapper:run_panel_map.sh (gated against panhq db)
thermal,hcp_30k,glass,1.15,30000,2,2,interior,15.54,183.334,74.627,108.707,183.444,wrapper:run_panel_map.sh (gated against panhq db)
thermal,hcp_30k,glass,1.15,30000,2,3,edge,37.34,184.414,73.381,111.033,184.479,wrapper:run_panel_map.sh (gated against panhq db)
thermal,hcp_30k,glass,1.15,30000,3,0,corner,59.14,190.506,80.380,110.125,190.518,wrapper:run_panel_map.sh (gated against panhq db)
thermal,hcp_30k,glass,1.15,30000,3,1,edge,37.34,189.404,79.999,109.405,189.469,wrapper:run_panel_map.sh (gated against panhq db)
thermal,hcp_30k,glass,1.15,30000,3,2,edge,37.34,189.404,79.999,109.405,189.469,wrapper:run_panel_map.sh (gated against panhq db)
thermal,hcp_30k,glass,1.15,30000,3,3,corner,59.14,190.492,78.690,111.802,190.504,wrapper:run_panel_map.sh (gated against panhq db)
thermal,design_map_1p15_si,si,1.15,70000,0,0,corner,59.14,114.004,62.171,51.833,114.383,wrapper:run_panel_map.sh (gated against panhq db)
thermal,design_map_1p15_si,si,1.15,70000,0,1,edge,37.34,113.432,61.886,51.546,113.856,wrapper:run_panel_map.sh (gated against panhq db)
thermal,design_map_1p15_si,si,1.15,70000,0,2,edge,37.34,113.432,61.886,51.546,113.856,wrapper:run_panel_map.sh (gated against panhq db)
thermal,design_map_1p15_si,si,1.15,70000,0,3,corner,59.14,113.999,61.088,52.911,114.378,wrapper:run_panel_map.sh (gated against panhq db)
thermal,design_map_1p15_si,si,1.15,70000,1,0,edge,37.34,118.426,64.710,53.716,118.851,wrapper:run_panel_map.sh (gated against panhq db)
thermal,design_map_1p15_si,si,1.15,70000,1,1,interior,15.54,117.854,64.512,53.343,118.324,wrapper:run_panel_map.sh (gated against panhq db)
thermal,design_map_1p15_si,si,1.15,70000,1,2,interior,15.54,117.854,64.512,53.343,118.324,wrapper:run_panel_map.sh (gated against panhq db)
thermal,design_map_1p15_si,si,1.15,70000,1,3,edge,37.34,118.422,63.942,54.480,118.847,wrapper:run_panel_map.sh (gated against panhq db)
thermal,design_map_1p15_si,si,1.15,70000,2,0,edge,37.34,123.421,69.619,53.802,123.846,wrapper:run_panel_map.sh (gated against panhq db)
thermal,design_map_1p15_si,si,1.15,70000,2,1,interior,15.54,122.849,69.421,53.428,123.320,wrapper:run_panel_map.sh (gated against panhq db)
thermal,design_map_1p15_si,si,1.15,70000,2,2,interior,15.54,122.849,69.421,53.428,123.320,wrapper:run_panel_map.sh (gated against panhq db)
thermal,design_map_1p15_si,si,1.15,70000,2,3,edge,37.34,123.417,68.867,54.549,123.842,wrapper:run_panel_map.sh (gated against panhq db)
thermal,design_map_1p15_si,si,1.15,70000,3,0,corner,59.14,128.983,74.812,54.171,129.364,wrapper:run_panel_map.sh (gated against panhq db)
thermal,design_map_1p15_si,si,1.15,70000,3,1,edge,37.34,128.411,74.614,53.797,128.837,wrapper:run_panel_map.sh (gated against panhq db)
thermal,design_map_1p15_si,si,1.15,70000,3,2,edge,37.34,128.411,74.614,53.797,128.837,wrapper:run_panel_map.sh (gated against panhq db)
thermal,design_map_1p15_si,si,1.15,70000,3,3,corner,59.14,128.978,74.027,54.951,129.359,wrapper:run_panel_map.sh (gated against panhq db)
